carlyle group december refund details amount from funb ac to aba for credit to ac for further credit to ac attn 10 strategic inv partners ltd 10389350 2000002530835 bank of new york ny 021 000 018 arnold s bleichroder 854905100 strategic inv partners ltd 0083075 10 araimi 3417201 2000002530848 arab bank plc ny 026 005 720 oman arab bank cbd main branch 7001001100109051 salim saeed hamed fannh araimi 134566520 20 arab investment management corp nv 456330 2000002530848 arab bank plc ny 026 005 720 arab investment management corp nv 7010 151095 061 mrs leila hatem 30 omnivest 638865 2000002530848 arab bank plc ny 026 005 720 oman arab bank saoa 7001 001100109 051 omnivest 3101 25380 521 mr mustafa or mr nair ph 00968700169 40 albahar 1140820 2000002530848 bank of new york ny 021 000 018 credit suisse guernsey ltd st peter port 890 0361 255 mohamed abdulrahman albahar 20246 50 oryx merchant bank ltd 342250 2000002530848 bankers trust co ny 021 001 033 oryx merchant bank ltd 04035593 60 bin hamoodah 455780 2000002530848 bankers trust co ny 022 001 033 natl bank of abu dhabi khaldiya brabu dhabi uae 04 095 641 bin hamoodah company 4048057529 swift code nbad aeaa 70 campbeltown 1140570 2000002530848 banques bruxelles lambert jersey ltd campbeltown properties ltd 7370811 80 alqattan fieldings 455970 2000002530848 barclays bank ny 026 002 574 barclays bank plc guernsey 280561889 fielding holdings ltd 75502222 james mcdonald 90 bessemer cayman 684490 2000002530848 bessemer trust co na ny 026 008 756 bessemer cayman 9f01002 reference 72h056 100 baer us venture 1825320 2000002530848 chase manhattan bk ny 021 000 021 bank julius baer co cayman 544777037 baer us venture equities ltd 424572usd320602 110 candida 684490 2000002530848 chase manhattan bk ny 021 000 021 the gibraltar private bank ltd 400 057298 harley administration inc diana ali 0035059350 120 carpal 1140370 2000002530848 chase manhattan bk ny 021 000 021 natl commercial bk jeddah saudi arabia 400026953 private placement 1 555 03197 902 206 sami baarma ref carpal 130 durant trading lc 228160 2000002530848 chase manhattan bk ny 021 000 021 bank julius baer ag uid000268 durant trading lc 1697 3875 140 hilmarton 2281655 2000002530848 chase manhattan bk ny 021 000 021 verwaltungs und privatbank ag vaduz 0011571437 hilmarton investment sa 274454016 paul gassner 150 milestone 277710 2000002530848 chase manhattan bk ny 021 000 021 coutt bank switzerland ag zurich milestone development corp z607034 swift cout chzz 160 nicholaus springer 569960 2000002530848 chase manhattan bk ny 021 000 021 lombard odier cie 11 rue corraterie geneve switzerland 400 057298 ref nicholaus springer swift locy chgg christopher lambotte 170 alberville 1140820 2000002530848 citibank ny 021 000 089 citibank london 10990765 alberville investments ltd 700276 john scotcher 180 morley investments ltd nostro 2281660 2000002530848 citibank ny 021 000 089 citibank nazurich 10995021 morley investments ltd nostro 0300396178 mr bartlome 190 singapore technologies aerospace ltd 228160 2000002530848 citibank ny 021 000 089 citibank singapore 10991581 singapore technologies aerospace ltd 0706215034 lee meng fong swf citisgcg 200 unigestions 1711240 2000002530848 citibank ny 021 000 089 banque pictet luxembourg sa 36 01 35 75 unicapital investments 200162 laurnce turmes 210 swiss re partnership holding 1140820 2000002530848 citibank london swf citigb2l swiss reinsurance company zurich 8415951 ref swiss re partnership holding 220 sultan akram 456330 2000002530848 citibank na ny 021 000 089 canada trust co toronto canada ref celestial ac 50088 mirabaud canada inc 0581007655 gerald perriad 230 heritage 456330 2000002530848 citibank na ny 021 000 089 citibank na zurichgeneva branch geneva 10995021 heritage finance trust co 0 300351 018 favour moby dick 80060 240 davos ltd 228160 2000002530848 citibank switzerland davos ltd 333 965 swift cbs wch 22 mr jean letore 250 libra ltd 1140820 2000002530848 citibank switzerland libra ltd 335 322 swift cbs wch 22 mr jean letore 260 wingoal intl 1140820 2000002530848 deutches bank ag 41f new world tower 1618 queens rd central hong kong wingoal international corporation 0082545 money mkt elizabeth low 270 sherwood 570410 2000002530848 morgan guaranty trust co of new york ny 021 000 238 j p morgan suisse sa 611 44 472 blue avenue investments co ltd 41231 phillipe sengerhelle genz 280 kuwait 2281660 2000002530848 natl bank of kuwait ny 026 000 217 kuwait investment authority 4000 380 200 003 muhannad kamal 290 verity ltd 456150 2000002530848 national westminister bk plc overseas branch london swf nwbkeb2l national westminister jersey jersey c i sort code 60 12 03 140103782840 verity ltd 0150106295 joseph mcburney 300 barkingside tinsel 1711235 2000002530848 northern trust intl banking corp ny 026 001 122 merrill lynch 141760 balman investments ltd 17u 07006 mr talal smamel 310 zent intl ltd 114075 2000002530848 northern trust intl banking corp ny 026 001 122 merrill lynch 134677 zent international ltd 15w07003 john baggerman 320 singapore tech 228160 2000002530848 overseas union bank ltd 1 raffles place singapore vertex venture holdings pte ltd 993007438 pang seow lan 330 bin abdulaziz 228155 2000002530848 pictet co bankers bldg georges favon 29 po box 5130 geneva switzerland ch1204 abdulla ismail i96381 kurt sanidh mueller ph 4122318 2307 340 pyx company ltd 228160 2000002530848 republic natl bank of new york ny 021 004 823 republic natl bk of ny france sa 17 ave dosterda monaco ceder pyx company ltd 676873 swf blicmcmx 350 rcs 2509820 2000002530848 republic natl bank of new york ny 021 004 823 republic natl bk of ny guernsey ltd guernsey c i 608201565 ritco client 3430 100 38421 graham maxey 360 jaidah motors 1140820 2000002530848 standard chartered bank po box 29 doha qatar arabian gulf jaidah motors trading company 02 2711389 01 usd acct 370 pitsilicco ltd 1140370 2000002530848 united bank of switzerland stamford branch po box 120300 stamford ct 026 007 993 neue bank ag kirchstrasse 8 vaduz lichenstein 101wa061662000 pitsilicco ltd 146450 mr lehman 380 financiarie sba 650270 2000002530848 united bank of switzerland ag ny 026 007 993 financiarie sba suisse s 101 wa 389 61 000 m zein janoudi 390 firmenich intl sa 1140465 2000002530848 united bank of switzerland sa 8 rue rhone geneva switzerland firmenich international sa 28769281u 400 sirac participations ltd 341725 2000002530848 united bank of switzerland ag ny united bank of switzerland luxembourg sa 101wa361135000 sirac participations ltd 5356300 phillipe ries 410 financial investment corp 456180 2000002530848 morgan guaranty trust co of new york ny 021 000 238 financial investment corp 600 19 018 357872751 461766251 carlyle group december refund details amount from funb ac to aba for credit to ac for further credit to ac attn 10 araimi 3417201 2000002530848 arab bank plc ny 026 005 720 oman arab bank cbd main branch 7001001100109051 salim saeed hamed fannh araimi 134566520 20 albahar 1140820 2000002530848 bank of new york ny 021 000 018 credit suisse guernsey ltd st peter port 890 0361 255 mohamed abdulrahman albahar 20246 30 arab investment management corp nv 456330 2000002530848 arab bank plc ny 026 005 720 arab investment management corp nv 7010 151095 061 mrs leila hatem 40 baer us venture 1825320 2000002530848 chase manhattan bk ny 021 000 021 bank julius baer co cayman 544777037 baer us venture equities ltd 424572usd320602 50 barkingside tinsel 1711235 2000002530848 northern trust intl banking corp ny 026 001 122 merrill lynch 141760 balman investments ltd 17u 07006 mr talal smamel 60 bessemer cayman 684490 2000002530848 bessemer trust co na ny 026 008 756 bessemer cayman 9f01002 reference 72h056 70 bin hamoodah 455780 2000002530848 bankers trust co ny 022 001 033 natl bank of abu dhabi khaldiya brabu dhabi uae 04 095 641 bin hamoodah company 4048057529 swift code nbad aeaa 80 campbeltown 1140570 2000002530848 banques bruxelles lambert jersey ltd campbeltown properties ltd 7370811 90 candida 684490 2000002530848 chase manhattan bk ny 021 000 021 the gibraltar private bank ltd 400 057298 harley administration inc diana ali 0035059350 100 carpal 1140370 2000002530848 chase manhattan bk ny 021 000 021 natl commercial bk jeddah saudi arabia 400026953 private placement 1 555 03197 902 206 sami baarma ref carpal 110 davos ltd 228160 2000002530848 citibank switzerland davos ltd 333 965 swift cbs wch 22 mr jean letore 120 durant trading lc 228160 2000002530848 chase manhattan bk ny 021 000 021 bank julius baer ag uid000268 durant trading lc 1697 3875 130 fieldings alqattan 455970 2000002530848 barclays bank ny 026 002 574 barclays bank plc guernsey 280561889 fielding holdings ltd 75502222 james mcdonald 140 financial investment corp 456180 2000002530848 morgan guaranty trust co of new york ny 021 000 238 financial investment corp 600 19 018 150 financiarie sba 650270 2000002530848 united bank of switzerland ag ny 026 007 993 financiarie sba suisse s 101 wa 389 61 000 m zein janoudi 160 firmenich intl sa 1140465 2000002530848 united bank of switzerland sa 8 rue rhone geneva switzerland firmenich international sa 28769281u 170 heritage 456330 2000002530848 citibank na ny 021 000 089 citibank na zurichgeneva branch geneva 10995021 heritage finance trust co 0 300351 018 favour moby dick 80060 180 hilmarton 2281655 2000002530848 chase manhattan bk ny 021 000 021 verwaltungs und privatbank ag vaduz 0011571437 hilmarton investment sa 274454016 paul gassner 190 jaidah motors 1140820 2000002530848 standard chartered bank po box 29 doha qatar arabian gulf jaidah motors trading company 02 2711389 01 usd acct 200 kuwait 2281660 2000002530848 natl bank of kuwait ny 026 000 217 kuwait investment authority 4000 380 200 003 muhannad kamal 210 libra ltd 1140820 2000002530848 citibank switzerland libra ltd 335 322 swift cbs wch 22 mr jean letore 220 milestone 277710 2000002530848 chase manhattan bk ny 021 000 021 coutt bank switzerland ag zurich milestone development corp z607034 swift cout chzz 230 morley investments ltd nostro 2281660 2000002530848 citibank ny 021 000 089 citibank nazurich 10995021 morley investments ltd nostro 0300396178 mr bartlome 240 nicholaus springer 569960 2000002530848 chase manhattan bk ny 021 000 021 lombard odier cie 11 rue corraterie geneve switzerland 400 057298 ref nicholaus springer swift locy chgg christopher lambotte 250 omnivest 638865 2000002530848 arab bank plc ny 026 005 720 oman arab bank saoa 7001 001100109 051 omnivest 3101 25380 521 mr mustafa or mr nair ph 00968700169 260 oryx merchant bank ltd 342250 2000002530848 bankers trust co ny 021 001 033 oryx merchant bank ltd 04035593 270 pitsilicco ltd 1140370 2000002530848 united bank of switzerland stamford branch po box 120300 stamford ct 026 007 993 neue bank ag kirchstrasse 8 vaduz lichenstein 101wa061662000 pitsilicco ltd 146450 mr lehman 280 pyx company ltd 228160 2000002530848 republic natl bank of new york ny 021 004 823 republic natl bk of ny france sa 17 ave dosterda monaco ceder pyx company ltd 676873 swf blicmcmx 290 rcs 2509820 2000002530848 republic natl bank of new york ny 021 004 823 republic natl bk of ny guernsey ltd guernsey c i 608201565 ritco client 3430 100 38421 graham maxey 300 sherwood 570410 2000002530848 morgan guaranty trust co of new york ny 021 000 238 j p morgan suisse sa 611 44 472 blue avenue investments co ltd 41231 phillipe sengerhelle genz 310 sirac participations ltd 341725 2000002530848 united bank of switzerland ag ny united bank of switzerland luxembourg sa 101wa361135000 sirac participations ltd 5356300 phillipe ries 320 strategic inv partners ltd 10389350 2000002530835 bank of new york ny 021 000 018 arnold s bleichroder 854905100 strategic inv partners ltd 0083075 330 sultan akram 456330 2000002530848 citibank na ny 021 000 089 canada trust co toronto canada ref celestial ac 50088 mirabaud canada inc 0581007655 gerald perriad 340 unigestions 1711240 2000002530848 citibank ny 021 000 089 banque pictet luxembourg sa 36 01 35 75 unicapital investments 200162 laurnce turmes 350 verity ltd 456150 2000002530848 national westminister bk plc overseas branch london swf nwbkeb2l national westminister jersey jersey c i sort code 60 12 03 140103782840 verity ltd 0150106295 joseph mcburney 360 wingoal intl 1140820 2000002530848 deutches bank ag 41f new world tower 1618 queens rd central hong kong wingoal international corporation 0082545 money mkt elizabeth low 370 zent intl ltd 114075 2000002530848 northern trust intl banking corp ny 026 001 122 merrill lynch 134677 zent international ltd 15w07003 john baggerman 380 228155 2000002530848 pictet co bankers bldg georges favon 29 po box 5130 geneva switzerland ch1204 abdulla ismail i96381 kurt sanidh mueller ph 4122318 2307 390 alberville 1140820 2000002530848 citibank ny 021 000 089 citibank london 10990765 alberville investments ltd 700276 john scotcher 400 singapore tech 228160 2000002530848 overseas union bank ltd 1 raffles place singapore vertex venture holdings pte ltd 993007438 pang seow lan 410 singapore technologies aerospace ltd 228160 2000002530848 citibank ny 021 000 089 citibank singapore 10991581 singapore technologies aerospace ltd 0706215034 lee meng fong swf citisgcg 420 swiss re partnership holding 1140820 2000002530848 citibank london swf citigb2l swiss reinsurance company zurich 8415951 ref swiss re partnership holding