the uaf email list this list includes lancasteruafzencouk vazkparliamentuk abbottdparliamentuk kathypowellharingeygovuk pauledwards2metpoliceuk deputysecretaryislingtonunisonorguk simonthornehackneygovuk secretaryliverpoolnutorguk williameverett02couk kate4glengatenet staddonpadiimoduk lcarbonillaageingorg saqibdaimcom rickbakerallstarzorg mcoulstonamicuslondonorguk rogerlyonsamicusmorg dereksimpsonamicustheunionorg eileenfrancisamicustheunionorg faziahussainamicustheunionorg maureengermanamicustheunionorg sarahcookamicustheunionorg steveattwillamicustheunionorg hqamoorguk djsutonamservecom sarahtevershamamservecom pftwardanothercouk arielelegrandanthrooxacuk annebabatundeaolcouk chrissheardaolcom dmbendelowaolcom dclinchaolcom eloma63593aolcom gcwnayaolcom glosamalaolcom gazcwuaolcom janenightgibsonaolcom markwaolcom michealco9aolcom richiesmith240haolcom ronronsmith9aolcom rustidgeksaolcom terrywilson11aolcom tobyblackmanaolcom tombozeyaolcom ughamewithaolcom amberagaraolcom andrewmarkroweaolcom bensrobaolcom bertiegeorgeaolcom carolejenkinsonaolcom charlesvardonaolcom chrismqtsaolcom cvandthe3rsaolcom cwugwentamalaolcom cwukentivictaaolcom davidlandau9aolcom detralbamaolcom dohanlonaolcom drbateyaolcom drummondpcsaolcom edinburghstwaolcom ethan1112aolcom evewoopeeaolcom floencedaolcom geoff27sotonmagaolcom georgecmbsaolcom gutodaviesaolcom hickswen9aolcom hornet4211aolcom identityselloutaolcom imniepvaaolcom isobelpringleaolcom janetfrances103aolcom jhywrdaolcom jockbrownaolcom jonjohegartyaolcom jstevejohnson7aolcom jswift3396aolcom juliebwatersonaolcom keeleywiseaolcom kelyonsaolcom kevans1597aolcom kraithathaaolcom kwilliamsons6aolcom leamonkeymasteraolcom leueeze2aolcom lindaalcockaolcom lowdondaveaolcom marshallm5195423aolcom matspilletsaolcom mdolphins39aolcom miav72aolcom midhurst14aolcom mihurst14aolcom misterchris2801aolcom mthuraisinghamaolcom neilnotnielaolcom nevets1aaolcom nicholas03aolcom nutjonaolcom orimadaolcom owenharris13aolcom pmusanaolcom p6hardwickaolcom patanita12aolcom patsoidisantaolcom pauleformanaolcom pbevisaolcom petecannelaolcom phgu11aolcom pippyjanesaolcom pkaisermanaolcom prestonglassaolcom rachippolyteaolcom ravkayaolcom rechampionaolcom rgill38326aolcom rjdbhamaolcom rkrik2aolcom robetbennisonaolcom robwoknutaolcom rockerkidxaolcom russellbar02aolcom samrdyeaolcom sassmanadamsaolcom sexypunkbotaolcom stephmcbrnyaolcom stevehamblett8aolcom stevenhughes03aolcom swthamesaolcom taliancaolcom tcunisonaolcom theramoniaaolcom tianne06aolcom trudelldonaolcom truecolors93aolcom trushakaolcom tstauntonaolcom unisonbarnadosaolcom vicola12aolcom vitiaraolcom redone1917aolcom sneil865359aolcom sheilaarmouchefreeservecouk ncraskeascpipexcom rbockwellashfielddcgovuk sallenasleforguk pkloweastonacuk frankcorriganasylumrightsnet johnwalsh4baesystemscom annaroebuckbags2richescouk nathalie_carrbankofscotlandcouk davidbardrosedirconcouk davidrmchalebarnetgovuk dgibsonbarnsleyacuk davehicksonbarnsleygovuk paulbaro2com edwardmcdermottbbccouk jentwistlebbkacuk lochranzalukebbmaxcouk rboltonbectuorguk bg13beebnet suebeechnet lmhroxfordbetherecouk oxforduafbetherecouk kwa200bhamacuk tessabidgood662fsnetcouk ktaylorbigissuescotlandcom johnalderseybigpondcom cetibilgiedutr prussellbilkacuk robertlauriebluk infoblackcountryunitynet peterodgersbladesgovuk ruhulblinkorguk tonystauntonblueyondercouk birminghamcywublueyondercouk chrisstieangelablueyondercouk clairewormaldblueyondercouk consultmblueyondercouk ctbr03509blueyondercouk danielblaneyblueyondercouk davevivblueyondercouk davehowleblueyondercouk dougvarneyblueyondercouk dudleynutblueyondercouk dvgilblueyondercouk garethwalkerblueyondercouk garymcfarlaneblueyondercouk gavnaughtonblueyondercouk jessdoyleblueyondercouk kathymartinblueyondercouk kdonnellonblueyondercouk keirblueyondercouk leejeavonsblueyondercouk lindsaywrightblueyondercouk mjhigginsblueyondercouk magpie54blueyondercouk malcolmreidblueyondercouk maljanblueyondercouk neil_mcdonaldblueyondercouk patwarigillblueyondercouk ptoughblueyondercouk skazzablueyondercouk steveainsworthblueyondercouk stevebladeblueyondercouk stewartmccblueyondercouk suzyflippblueyondercouk timsnellerblueyondercouk ttonksblueyondercouk setbodleyoxacuk bernadettegallagherboltongovuk sarahbookmarksukcom malipoorbradfordacuk nrturnerbradfordacuk janebradfordnutorg lindseybramblebfsworldcouk cwuyorkbreathecom rachelvollerbreathecom safetybrownbreathecom eddieprocterbristolacuk bristolunisonbristolunisoncouk cmurphybrookesacuk mpixtonbrookesacuk mazbroxarorguk thomaslinehanbrunelacuk ianmasonbtcom keithflettbtcom nicholasparsonsbtcom parthisankarbtcom stevegarnhambtcom tommachellbtcom robertevansmepbtclickcom coventrynutbtconnectcom cwucoventrybtconnectcom cwuwestyorksbtconnectcom ealingunisonbtconnectcom erecsouthendbtconnectcom gatesheadunisonbtconnectcom greenwichunisonbtconnectcom leedsnutbtconnectcom nigelflanaganbtconnectcom seccwushropsbtconnectcom wolverhamptonnutbtconnectcom scalderlbtinternetcouk jph64btinternetcom manchesterclericalbtinternetcom acdcollectivebtinternetcom antonydoebtinternetcom brendasandersbtinternetcom cardiffctucbtinternetcom catherinewellsbtinternetcom clareflanaganbtinternetcom colinyatesbtinternetcom cwuglasgowbtinternetcom cwulebtinternetcom cwunorthwestbtinternetcom cwuportsmouthbtinternetcom cwuthamesvalleybtinternetcom cwumiddlesbroughclericalbtinternetcom cwusolentbtinternetcom cwutunwellsbtinternetcom davidblorebtinternetcom dlegglestonbtinternetcom doncastertucbtinternetcom duxfilesbtinternetcom fionaasmithbtinternetcom gowbtinternetcom guysteadbtinternetcom gzbraithwaitebtinternetcom harrietbbtinternetcom ianmchughbtinternetcom jbassettlbtinternetcom jimgavinebtinternetcom jmatthews633btinternetcom john538btinternetcom jongamblebtinternetcom jongrumblebtinternetcom jonrogers1963btinternetcom jrmbrownbtinternetcom lindanunnsbtinternetcom lizcorss177btinternetcom lizzie49btinternetcom mbinderbtinternetcom markfoley57btinternetcom marloweclarkbtinternetcom maryann16btinternetcom natelsaperevzbtinternetcom nathanpatrickenglandjonesbtinternetcom northamptonuafbtinternetcom oneidamattbtinternetcom pauljpritchardbtinternetcom psmithjbtinternetcom prussel2btinternetcom rahulpatelbtinternetcom roben_mbtinternetcom sagallbtinternetcom sebastianadubtinternetcom shonadalybtinternetcom simonclark27btinternetcom suzannehartbtinternetcom swanseatucbtinternetcom tonyharper1btinternetcom xv16btinternetcom heatherramsdenbtopenworldcom bobhewlettbtopenworldcom conniecottonbtopenworldcom cwuswwbtopenworldcom eveturnerbtopenworldcom gshokerbtopenworldcom iandharveybtopenworldcom jpmcloughlinbtopenworldcom janislesbtopenworldcom lincscwubtopenworldcom manchestercomcwubtopenworldcom markrcomptonbtopenworldcom maureen_hooperbtopenworldcom mdcomptonbtopenworldcom ninaphillips2btopenworldcom pauladearbtopenworldcom theresad10btopenworldcom officebtucorguk dwellsbucksccgovuk girlzbugsandfleasfreeservecouk linabulldoghomecom natfheburnleyacuk norscarfburslemdemoncouk rustbusheywoodfreeservecouk david9johnsonbycom lindastephensoncalderdalegovuk ida21camacuk nev21camacuk conatctcambsagainstthenaziscouk monicamorrisjarnacamdengovuk rogerrobsinsoncamdengovuk thomasbarnescamdengovuk simoncamdenstopwarorguk msmithcandiacuk svernellcandiacuk skyeparkcaramailcom lilchriscaranailcom martinhodgescare4freenet mrandyccare4freenet timjonescare4freenet presidentcbcsuorguk ceccecaustcomau jamiecookecemvoorguk sashacentralbookscom paulsteedcentricacom reheccaceuorguk shaunvalcheerfulcom lizchengcamacuk jeadenchesterfieldacuk esmechoonarafsnetcouk chrischrispearmanwanadoocouk jillbrowncityofbristolacuk chrisdaviesmepcixcouk cwlibscixcouk htacixcouk susankcixcouk sfinneyckbcom johnrexclaranet cmroecmroefreeservecouk cllrkenjonescolchestergovuk officecommunistpartyorguk infocommunitytuorg kpentoncommunitytuorg ldhconnectfreecouk adrianconnectukorg andreainnissconnectukorg caitconnectukorg hannahpackhamconnectukorg stevedconnectukorg unionconnectukorg enfielduafcooliftcom burnleyleftfieldcooptelnet margaretsmithcooptelnet fmd53cornelledu christopherlonergancorwgroupcom tgwucoventryacuk eleanortraceycroydoncouk griffinrcsporguk margaretpattinsonctbiorguk hejonescwctvnet vdawescwctvnet bhayescwuorg dlovettcwuorg infocwuorg jloftuscwuorg sbellcwuorg tkearnscwuorg tkearnscwuorguk derekcwuuknet theofficecwubhborg secretarycwubirminghamorg officecwucitywestorguk secretarycwuclecouk theunioncwucsiorg regseccwueasternorg unioncwueastmidlandsorguk infocwuedborg es2cwues2com mailhostcwugmrcom johncwulondonorg seccwulseorg markwcwumeseyamalorg cwuneacwuneaorg davewarrencwuse5orguk mailuscwusweborg unioncwuwmworg nasimidalitstanorg peterrusselldaneicom ssmithdavconsfreeservecouk davedavehumphrydemoncouk lesedwardsdemoncouk philturnerdemoncouk secretarydevonnutorg inetherydhhstasgovau jilldimmock365fsnetcouk dondoastudioscom lesliedobbsnewlabourorguk spencerdaviesdoctorsorguk vincentbrowndohgsigovuk shaundohertysfsworldcouk jimboarddoncastergovuk nickthepostiedonteatmeatcom migdooreenbirdcouk smiffydownendcom lindadrew8891fsbusinesscouk psueargdswpfreeservecouk cllrrichardburtdudleygovuk patdunne15freeservecouk jacklittleduracuk liamgrogandurhamgovuk richardwedwardsdwpgsigovuk thomaswalkerdwpgsigovuk secretaryealingnutorguk cwueastern6freeservecouk nutdevoneclipsecouk 5detteeircomnet keithmcbaineircomnet mapucheeircomnet sav0eircomnet enquirieseisorguk lezardelmtreecotagecouk krisbrownemaillabourorguk redbridgeemaillabourorguk tootsemaillabourorguk rachelvolleremapcom finolakellyequalityhumanrightscom hdmcfaessexacuk mfaroojessexacuk presidentessexacuk cllrswatantranandanwaressexccgovuk gfordeuroparleuint pwhiteheadeuroparleuint shugheseuroparleuint mcashmaneuroparloeuint simoneventfulorguk kcridlandexcitecom frangreciansexecollacuk akennyexecutivenutorguk bghaleexecutivenutorguk kcourtneyexecutivenutorguk pheddlefastmailfm chrisfatbobrecordscom uaffatsquirrelorg 07rtfbuorguk sharonlesterfbuorguk andydarkfbuorguk chriswoodfbuorguk daphnehuntfbuorguk geoffellisfbuorguk lindasmithfbuorguk mickshawfbuorguk micknfbuorguk nealewilliamsfbuorguk officefbuorguk rickymatthewsfbuorguk tonylarosefbuorguk valhampshirefbuorguk rmcgivernfeilandgovuk articlesfightbakorguk vswillisonfishcouk ueuryiewurfkdjghcom michaelwolmanfmrcom tansyfeltisfoodstandardsgsigovuk tansyfeltisfoodstandardsqsigovuk johnspeyerfreenetcouk maxwellominifreenetde russeljohnfreenetnamecouk psveargedswpfreeservecouk heleningramfreeukcom lizathertonfreeukcom richardmarxistfreeukcom sydhfreeukcom cwuleicestershirefsmailnet forestgreensfsmailnet uafbradfordfsmailnet sashabillyfsnetcouk williamgladysfuggingmonarchycouk rjonesgcsuorguk dggeorgemonoaxorguk jimberringtonghaorguk philgillamwanadocouk pljgloucestergovuk mepglynfordcom 903for7gmailcom owenclaytongmailcom adrianabbottgmailcom aidancassidygmailcom ainkhogmailcom alaabudheergmailcom alimcdgmailcom amalsaffourgmailcom andyplayergmailcom arenaoftheunwellgmailcom badarsoomrogmailcom badpseudonymgmailcom bashfordgmailcom benlgbtgmailcom bv3000gmailcom cg1992gmailcom chrbondgmailcom christinagmailcom cosfordgmailcom danicaneesomgmailcom dbhorganisergmailcom dbjelisgmailcom deerrobotgmailcom doublexjaygmailcom drsukkhugmailcom evagnatiukgmailcom geneateskeygmailcom grassclaatgmailcom groobergmailcom haikzakrzewskigmailcom halfmanhalfbiscuitgmailcom hdwhiteheadgmailcom hwells07gmailcom jackashton44gmailcom jackclemsongmailcom jcrooneygmailcom jmcclegggmailcom jmurray020gmailcom joeydubyagmailcom joshuatuddenhamgmailcom kinsellaalangmailcom lardlessgmailcom laurenjanegriffingmailcom mancuafgmailcom matthewtstronggmailcom mikejbartongmailcom mrrandomgmailcom neilcardwellgmailcom omarsalemgmailcom ottaviaspisnigmailcom pauladamsukgmailcom pauldarguegmailcom pbgrier99gmailcom pearselizahethgmailcom pedrotabgmailcom perminderc2gmailcom rashidaharrisongmailcom ratghastgmailcom sadiajabeen1982gmailcom samg2005gmailcom samjbraithwaitegmailcom sandrinelevequegmailcom scottpattinsongmailcom signeddesigngmailcom skeletalskatergmailcom smith600gmailcom stachaibougmailcom stellahawkinsgmailcom stephencollingegmailcom steveandrews118gmailcom thecriticalggmailcom thinkersforumgmailcom tomjohnson8gmailcom twohitsthesixgmailcom untdesigngmailcom wcoolinggmailcom willowtomkinsgmailcom yaf201gmailcom yolandameyer04gmailcom actinggeneralsecretarygmborguk paulbarnsleygmborguk rehanaazamgmborguk burnleygmbunionlanccouk janineonlinegmxnet julistollegmxnet maxpriesemanngmxnet cndgnapcorg philipgnapcorg tinderboxgnapcorg chrisrjonesgoodrichcom declanmisiewiczgooglecom gulpymailgooglemailcouk dannywalton33googlemailcom denisafernandogooglemailcom dollyhousegooglemailcom donaldgaylegooglemailcom edtoothgooglemailcom jamesobrien31googlemailcom jeffstaniforthgooglemailcom jessiefenngooglemailcom littlefoot1308googlemailcom lorrainetwinksgooglemailcom lynnemcgowangooglemailcom mariryalengooglemailcom marksquigooglemailcom mbuyumgooglemailcom mcginleyconallgooglemailcom mylostrikesagaingooglemailcom philipjherbertgooglemailcom phuskinggooglemailcom robertwilkigooglemailcom thepamphleteerukgooglemailcom timothywrobinsongooglemailcom timphillipswhitegooglemailcom whysostupidgooglemailcom eastgpmueastorguk rstokergreenheadacuk racheldixguborguk blakewhatleygwertasigovuk uafhabiloidfsnetcouk rustyebrahimhackneygovuk simonthornehackneygovuk garykinghafelecouk amymilfordhampshireprobationgsxgovuk hannahhugheshappymagazincecouk kathypowellharingeygovuk keithhodgsonharlowgovuk keziapriceheasccgovuk matthewbarretthertfordoxacuk secretaryhertfordshirenutorguk mikbhanuheysonfreeservecouk kiranhighpanchorguk rameshkallidaihinduforumorg howardhmiles50fsnetcouk paulinegeorgehmpsgsigovuk infohomebuyerspressuregorupnet danielestermannhomecallcouk laurasegalhomechoicecouk margarethomemanningfreeservecouk mandi_moo_hotmail gearfreidhotmailcouk a_pensonhotmailcouk adcunninghamhotmailcouk aedoranhotmailcouk aka_babi_galhotmailcouk alecjohneccleshotmailcouk alephzerohotmailcouk alexm79hotmailcouk amyluvsmusehotmailcouk anthonykeough1hotmailcouk asffa_03hotmailcouk astralgurushotmailcouk awaywiththefairies8hotmailcouk baby_85hotmailcouk basementjaxxhotmailcouk belladejanhotmailcouk benc1981hotmailcouk benn_riothotmailcouk beverleyyateshotmailcouk bezus77hotmailcouk bigalilavhotmailcouk blackplaqe23hotmailcouk bridgendunitehotmailcouk buddha_brownhotmailcouk cathhotmailcouk calum_4hotmailcouk chazwheltonhotmailcouk chris_fired_one_outhotmailcouk christie_vegan_havershotmailcouk clairelarkman_xhotmailcouk clerylamonahotmailcouk danhall0803hotmailcouk dannyjeffneshotmailcouk davethepill4hotmailcouk discoveryjoehotmailcouk doctor_pacmanhotmailcouk doublechance001hotmailcouk dundeelovemusichateracismhotmailcouk eleanermillshotmailcouk electroboyelectrogirlhotmailcouk emily_picketthotmailcouk emma_zadehhotmailcouk emmasamantha_burvillhotmailcouk ettydanhousehotmailcouk fergus_gushotmailcouk file123hotmailcouk flashdudehotmailcouk flipflopshotmailcouk floopahhotmailcouk francis_warrickhotmailcouk garybuswellhotmailcouk gazdothotmailcouk georgeevans99hotmailcouk geoworldhotmailcouk gps2006hotmailcouk greencat3hotmailcouk hastingsagainstbnphotmailcouk hindley_07hotmailcouk historynuthotmailcouk hoe85hotmailcouk i_have_a_deformed_headhotmailcouk iloveyoulessthatthedashhotmailcouk interpalworkhotmailcouk irwin91hotmailcouk iwantyoursalvationhotmailcouk jacob_bonnerhotmailcouk jamescampbellhartehotmailcouk jamesmogiehotmailcouk jenni_hulsehotmailcouk jessmukkah123hotmailcouk jimmy_180hotmailcouk jlamonahotmailcouk jo_t15hotmailcouk jodie_anniehotmailcouk joe206hotmailcouk johnpeterturnerhotmailcouk josephbushellhotmailcouk juddyfoz01hotmailcouk jules64hotmailcouk juleslmhotmailcouk julia_vaughanhotmailcouk k_r_smithhotmailcouk katefarringtonhotmailcouk katherine_craughwellhotmailcouk katydowekhotmailcouk killedbytheweaknesshotmailcouk kingmartihotmailcouk kjh85hotmailcouk kmkwan28hotmailcouk lhjacksonhotmailcouk layla_15gkhotmailcouk liamwinter90hotmailcouk lmhreastkenthotmailcouk lovewillprevailhotmailcouk m_g_simpsonhotmailcouk marmiteboy99hotmailcouk marsjacarlyhotmailcouk matt_rhodes87hotmailcouk mattielaceydavidsonhotmailcouk medicinelightshotmailcouk mickybirdshotmailcouk mill_roadhotmailcouk mrdmchotmailcouk msimmo82hotmailcouk musicmohsenhotmailcouk nicole_88hotmailcouk noblead_2hotmailcouk ooops70hotmailcouk part_time_infidelhotmailcouk paulherberthotmailcouk paulette42hotmailcouk potentialhotmailcouk princesshayli85hotmailcouk rachelthomas753hotmailcouk raidingkvatchhotmailcouk razwan_ashrafhotmailcouk revolution_63hotmailcouk robtaylor10hotmailcouk rosie7pickardhotmailcouk rosie92rt095hotmailcouk rubyheerahotmailcouk s_curleyhotmailcouk sam_partridge1hotmailcouk samlewis2006hotmailcouk sampskanksonichotmailcouk scottmckiehotmailcouk skinsnpunkshotmailcouk southworthhotmailcouk squatmonsterhotmailcouk srhiltonhotmailcouk starwarrzhotmailcouk stevenconroyhotmailcouk stone_cold_crazyhotmailcouk superdysonhotmailcouk sutekh_836hotmailcouk tessdixonhotmailcouk timlgreenhotmailcouk tomdabomhotmailcouk tynesideuafhotmailcouk typhus_7hotmailcouk waadinaahmidihotmailcouk wastexsometimehotmailcouk wesleygoodehotmailcouk xtream_dominichotmailcouk ykatehotmailcouk yorkuafhotmailcouk brummyben8hotmailcom dap88hotmailcom domdom27048002hotmailcom flynntahotmailcom graceleggethotmailcom hardsumshotmailcom highlandamalhotmailcom loztonhotmailcom red__terrorhotmailcom rheadieukhotmailcom shaun_mthotmailcom stevenweekshotmailcom tedsteadhotmailcom thebeardedfishhotmailcom tom18brightonhotmailcom tomborrohotmailcom aatzingenhotmailcom abhaymishrahotmailcom aceytonhotmailcom adam_mitchinsonhotmailcom adilahmed_hotmailcom alan_berridgehotmailcom alan_truelovehotmailcom alanislushhotmailcom alexlovesbeckyhotmailcom alextheemohotmailcom alexwrigleyhotmailcom ali61282hotmailcom alicejjoneshotmailcom amoonehdoctorhotmailcom amwatershotmailcom angelinamarriotthotmailcom angiemcc999hotmailcom anna_9167hotmailcom asian_doll_in_ukhotmailcom atra_deahotmailcom aznrascalhotmailcom baboons728hotmailcom bamford_15hotmailcom barbieisnotyourfriendhotmailcom beccyyoung82hotmailcom beckballerinahotmailcom bedford_englandhotmailcom beerandsandwicheshotmailcom bees4evahotmailcom beggingformylemsiphotmailcom bem286hotmailcom birminghamuafhotmailcom blackorchid86hotmailcom blink182_13ukhotmailcom boylookedatjonnyhotmailcom brightonbushotmailcom brinwhite182hotmailcom britkrishhotmailcom bushravhotmailcom buttafly_8hotmailcom caitdohertyhotmailcom carl_james_950hotmailcom charlotteblackmanhotmailcom chriscanninghotmailcom christopherjohnrobertshotmailcom ciaran036hotmailcom cindershutchinsonhotmailcom cissegrhotmailcom claire_barryhotmailcom claire_wadeyhotmailcom clare_001hotmailcom cm_riddellhotmailcom colin_gunterhotmailcom colinvettershotmailcom commander_sharpehotmailcom contactsaarhotmailcom cool_dude798hotmailcom corrinaguineyhotmailcom coutinha_89hotmailcom crazy_moo_is_backhotmailcom cristalwizardhotmailcom cristpmhotmailcom croydonnuthotmailcom cwubristoldisthotmailcom cwugrampshethotmailcom dan_j_austin91hotmailcom dan_r_masonhotmailcom danielaboikhotmailcom danielblaneyhotmailcom danozarowhotmailcom dave_sellarshotmailcom daveafcb69hotmailcom daveytomohotmailcom davidworgan1hotmailcom davidallengreenhotmailcom davidcandlerhotmailcom davidhutt1990hotmailcom davidmenonhotmailcom davidnunn747hotmailcom davidwood03hotmailcom deansorensen1hotmailcom death_to_kevshotmailcom def_muttonhotmailcom deiniolhotmailcom deldreadhotmailcom deldredhotmailcom denniatoyehotmailcom derekrowleyhotmailcom devilz_nighthotmailcom dimmesthotmailcom direferrethotmailcom djrjhotmailcom djrob50hotmailcom dktruranhotmailcom dollysen70hotmailcom dominicwoodward42hotmailcom doncaster_unitehotmailcom dont_blink_everyones_watchinghotmailcom dougmorgan48hotmailcom dr_nick_rivierahotmailcom drvzildoghotmailcom dual_fbhotmailcom dunoh06hotmailcom easthamsterhotmailcom easthamstevhotmailcom ebonyqueen1hotmailcom edna_beamhotmailcom edtooth666hotmailcom elaynehnubianhotmailcom elenabonsignorehotmailcom ellencliffordhotmailcom emilya80hotmailcom emmamcloughlin100hotmailcom emperor_vinylhotmailcom erinmariedaveyhotmailcom eseel_ahotmailcom etienne681hotmailcom excuses_to_talkhotmailcom fantasygelhotmailcom farhara_8hotmailcom feronia23hotmailcom fiscal_policyhotmailcom fishtank51hotmailcom flamekruhotmailcom fordangushotmailcom fozia1603hotmailcom franmdamhotmailcom gailkr1hotmailcom galewjeffhotmailcom garethlonghotmailcom garrywillis1509hotmailcom gazdudleyhotmailcom gdalkilichotmailcom gdamazonhotmailcom gemmaglhhotmailcom gemshevhotmailcom genz77hotmailcom george_owershotmailcom gigglealittlehotmailcom girlnameboyhotmailcom glee98hotmailcom glittertwinklehotmailcom gnm_scullhotmailcom graced1481hotmailcom grbinettehotmailcom gsnicksonbhotmailcom guycollishotmailcom gwendadaffernhotmailcom h_bonesie_jonesiehotmailcom hallaproductionshotmailcom hankshotmailcom haque91hotmailcom harindermannhotmailcom harri_delfhotmailcom hassm80hotmailcom hazratpkhotmailcom helen_govier23hotmailcom hibo_ehotmailcom hilrobinsonhotmailcom hollowaytsshotmailcom homera_cheema93hotmailcom huey134hotmailcom hulupputreehotmailcom iam_stellahotmailcom ill_neva_falterhotmailcom ilovemuse12hotmailcom im_the_5th_futureheadhotmailcom inthestreet_103hotmailcom isabellekutihotmailcom isildur121hotmailcom jsoucarhotmailcom jakie_484hotmailcom jamhollando99hotmailcom jangaskinhotmailcom janhogganhotmailcom janley_810hotmailcom jasminewattswheathotmailcom jaz_phullhotmailcom jcdawniehotmailcom jennyceardleyhotmailcom jeremytaylor50hotmailcom jessica_lingwoodhotmailcom jimnowhotmailcom jjay1982hotmailcom jkbirbechhotmailcom jodieleenrghotmailcom johnbowdenhotmailcom johnclossickhotmailcom johnjohnstonclarethotmailcom johnstephenkelseyhotmailcom jojophinehotmailcom jojowood10hotmailcom jollygreenryanthotmailcom jon_axhotmailcom jonnyboy996hotmailcom jonothan_currenhotmailcom jonwoods333hotmailcom josef564hotmailcom joycey_babyhotmailcom jsammut666hotmailcom jsrflrhotmailcom juliairinahotmailcom jzacunehotmailcom kthulbournhotmailcom kamandro92hotmailcom karen_s_goslinghotmailcom karenamanda20hotmailcom karencantonahotmailcom karuna_herrmann9hotmailcom kate_jones855hotmailcom katebyrnehotmailcom katec15hotmailcom katejellyhotmailcom katharinesegalhotmailcom keightleyuafhotmailcom kellyberry77hotmailcom kelsonahotmailcom kerriparkehotmailcom kerryabelhotmailcom kickassjashotmailcom killermojhotmailcom kim_booth89hotmailcom kimburns1096hotmailcom krucialkeyzhotmailcom kumbah1hotmailcom kusasamhotmailcom lacapellahotmailcom ladynewtypezhotmailcom le_sazhotmailcom leannek11hotmailcom leeds_unitehotmailcom leemadgehotmailcom liam177lewishotmailcom lisamarkhamhotmailcom liverpoolfan1239hotmailcom liz_annahotmailcom lkebbellhotmailcom loraineblairhotmailcom lou_jackson73hotmailcom loudonnumber1hotmailcom louisamvhotmailcom louloulou83hotmailcom lozhotmailcom lozc12hotmailcom ltmukadihotmailcom lynneb33hotmailcom lysandrou_84hotmailcom m_r_evanshotmailcom m_taylforthhotmailcom m_walkerhotmailcom ma_enhotmailcom majorbreakdownhotmailcom manismhshotmailcom marco_polo10hotmailcom mariajanealihotmailcom mariec_1977hotmailcom marilyn_kristinhotmailcom mark_159hotmailcom markchallinerhotmailcom marthagraceukhotmailcom martinsmith27hotmailcom martynpage305hotmailcom mashfiqulalam123hotmailcom mason_kathleenhotmailcom mat_clarkehotmailcom matcurtis999hotmailcom matt_1987_wardhotmailcom mattasahatterhotmailcom mattdavies41hotmailcom matthew_robert_raynerhotmailcom matthewdoverhotmailcom matthewfisher007hotmailcom mattman1912hotmailcom mattsaywellhotmailcom maxpettigrewhotmailcom mazhar_ajazhotmailcom mazza_jlhotmailcom mcloud29986hotmailcom melonoreillyhotmailcom metricclayhotmailcom miao1977hotmailcom mikeymania8hotmailcom mjkalengahotmailcom mjrankin10hotmailcom mjringsellhotmailcom mladenmarichotmailcom mmmwebbyhotmailcom modsrule42hotmailcom modularecordshotmailcom monacobuffalohotmailcom morphileeffect68hotmailcom mrglenwesthotmailcom mulligantihotmailcom murphy_li_79hotmailcom nadimjonhotmailcom naomiedmondshotmailcom nash1986hotmailcom natashalawrence1hotmailcom nathaliehicksonhotmailcom nathanunisonhotmailcom nevs79hotmailcom nfruckhotmailcom nhayes170hotmailcom nichola_bridgerhotmailcom nicholas_russellhotmailcom no1chompyhotmailcom nostro75hotmailcom nowen20hotmailcom noyezy_jimhotmailcom nto_mbenghotmailcom nubian_princess2k3hotmailcom oatesmariahotmailcom off_with_their_headshotmailcom oldskoolbikerhotmailcom oli_oaklandhotmailcom omarinboxhotmailcom onlyoreo_3hotmailcom parsons_kieranhotmailcom pattern3hotmailcom paulbrandon23hotmailcom paulgarrawayhotmailcom paulvizhotmailcom pclarkson22hotmailcom pete_o_chotmailcom petercooksonhotmailcom petewharrierhotmailcom pgtvantolhotmailcom philip_sandersonhotmailcom picasso_533hotmailcom pineappleontoasthotmailcom pinkychezhotmailcom plasticinevitablehotmailcom pmcgoebelhotmailcom poowillybumfarthotmailcom postnamdarhotmailcom pricey1967hotmailcom proeliator2hotmailcom profpatrickhotmailcom psychobilly_sxe_eternal_purityhotmailcom pulouchehotmailcom pys1hotmailcom pzmills_1985hotmailcom racookhotmailcom rainbowfizz_2006hotmailcom rajaynhotmailcom ralphlghotmailcom ratt7635hotmailcom raw_reehotmailcom raytallerhotmailcom rbbertbearhotmailcom rebelwoodhamhotmailcom redsquirrel44hotmailcom reezdeniemhotmailcom resist_davidcrouchhotmailcom revolution17hotmailcom rhyshartleyhotmailcom richard_sayehotmailcom richardbuckwellhotmailcom richyb_rules_okhotmailcom robbiethekidhotmailcom robertdascenzohotmailcom rogerkeely45hotmailcom rohini4evahotmailcom rory_palmerhotmailcom rosiecragghotmailcom ross_connor67hotmailcom rowan5adamshotmailcom rudybustamantehotmailcom ruthhanson2hotmailcom sacha_taithotmailcom salkisenrahotmailcom sally_camelhotmailcom sambrukuhotmailcom samofoxohotmailcom samuelle20hotmailcom sanchia46hotmailcom sandalwearerhotmailcom sandraecfhotmailcom sarah466hotmailcom sarcorbetthotmailcom scilottazhotmailcom seanismadhotmailcom segundohertyhotmailcom senan_mhotmailcom shadymelhotmailcom sheerin104hotmailcom sheonaghfhotmailcom shieldsn11hotmailcom shoedoitformehotmailcom shooterhelenhotmailcom sianbarretthotmailcom siandrinkwater81hotmailcom simon_p_watsonhotmailcom simongreanyhotmailcom simonwheatheyhotmailcom simyonpinkfluffycloudshotmailcom slossy55hotmailcom smallbonsaihotmailcom smiddskahotmailcom soniannhotmailcom sophiebolthotmailcom spcampbellhotmailcom spilla_ghotmailcom spirit_of_the_streets_punx_n_skinshotmailcom spoonmongerhotmailcom spud_mehotmailcom srm1977hotmailcom staybeautiful68hotmailcom stephengowardhotmailcom stever669hotmailcom stevewhite14hotmailcom stevo13thwonder2004hotmailcom stokey_aaghotmailcom storm_raid_attackhotmailcom street_hasslehotmailcom stwkenthotmailcom suddsyrockhotmailcom suicidechickenwinghotmailcom sulaika_shotmailcom sutty19hotmailcom suzana_kalcichotmailcom swt_ishahotmailcom sydsmithhotmailcom tamapophotmailcom tashishi_1hotmailcom teddycorbetthotmailcom terjbcmh01hotmailcom terrypatrick999hotmailcom tesselate1hotmailcom thad1983hotmailcom the_architect_01hotmailcom the_meaning_of_life_is_nothotmailcom theanimal40hotmailcom thebest868uk90hotmailcom thegoonerhaterhotmailcom thejollyherringhotmailcom themadhatter44hotmailcom themeaningofsomethinghotmailcom theverdarkgreenhotmailcom thurrock_unitehotmailcom tomnirvanahotmailcom tom_hoare_1hotmailcom tomhughes83hotmailcom tomthe foothotmailcom topgun_02hotmailcom traceyfminsterhotmailcom traindrivermarkhotmailcom trbehrmanhotmailcom trueannehotmailcom u_masshotmailcom ukindianhotmailcom unionfilmshotmailcom vincesmeatonhotmailcom violetschischkahotmailcom vkharthotmailcom voconnor22hotmailcom waadahmidihotmailcom waldemarmaximhotmailcom wendyhobhotmailcom werebutterflyhotmailcom weymanhotmailcom wfunitehotmailcom what_if_89hotmailcom wheatcrunchieshotmailcom wheresjanehotmailcom wigfish67hotmailcom will_dehotmailcom william_haywardhotmailcom windsorbenhotmailcom woodland_ianhotmailcom wwwaprilreillyhotmailcom xyrmumxhotmailcom yeahmakohotmailcom yourfatfriendhotmailcom yujen_paihotmailcom zemzos1hotmailcom zinkyzankyzoohotmailcom zuz_13hotmailcom josefbugmanhotmailfr deepapatelhtaorguk leonardowilliamshtlworldcom ghardakerhudacuk rchidwickhull2004acuk leedsunityhushcom danieliamtheartistcouk curjduranibwfgovuk uabarnettimprafsnetcouk martinctaylorishtmacuk deputysecretaryislingtonunisonorguk jimjamessheridanmporguk adminjcoreorguk jimjimsheridanwannadoocouk jmjmanganfslifecouk martinjohnjobcentreplusgovuk janetjscholefieldfreeservecouk dianasafiehkclacuk ed53kentacuk piarakickitoutorg jamesreadkillayfawrdemoncouk mehboobkhankirkleesgovuk d_lanelakeviewdemoncouk khoogendamlambethgovuk ruptonlancasteracuk 02hblomfieldlangtonkentschuk saleslapisdevelopmentcom miltonmckenzielbbdgovuk tombrodericklbhgovuk cathycrosslbhfgovuk apowelllboroacuk cl06mdleedsacuk hc06twbleedsacuk hc07fpleedsacuk rcollectorleedsacuk ss06n2dleedsacuk salmahussainleedsgovuk iangrahamleedsgovuk officeleicsnutcouk infolelgrorg fredleplatwanadoocouk sandrinelevequegmailcom andrewpaynelfhacouk euacq_th_5liberoit racantilloliberoit henryglidgate42freeservecouk mwilliamsonlincolnacuk rebeccataylorlincspinnpoliceuk cwuswansealineonenet cwu_swaleslineonenet ddraigjoneslineonenet haringeyunison_lglineonenet nickwracklineonenet mike_williamslinuxmailcom nick_richardslinuxmailcom chowiefarzlivecouk fleetwooduaflivecouk francescagunbylivecouk ollyrobertslivecom secretaryliverpoolnutorguk dkassemljmuacuk tpatelljmuacuk lisalkilleenwanadoocouk samueldavidlockjawrecordscouk alexjameslondoncom philipfarrlondongovuk felicityirwinlondongovuk jaynealmondlondongovuk stevesparkslondonfiregovuk he6014londonmetacuk mcampbelllondonmetacuk pchalklondonnetacuk 60467longroadacuk mkellylongroadacuk leelovemusichateracismcom alisonlovemusichateracismcom infolovemusichateracismcom leedslovemusichateracismcom leicslovemusichateracismcom manchesterlovemusichateracismcom merseysidelovemusichateracismcom stokelovemusichateracismcom westmidslovemusichateracismcom gilllovemusichateracismorguk dstathamlrdorguk cwulrmtfsnetcouk tburchardtlseaacuk tansyehoskinsalumnilseacuk rayltademoncouk dhalislutongovuk mirzanlutongovuk garvindglycoscouk josdullycoscouk leeroy78lycoscouk superstarteacherlycoscouk asmalllycoscom mabusemabusepluscom pjivensmaccom jacksprungmacunlimitednet davidmarshmailcom paulvineymailcom r_cantillomailcom ruthhayesmailcom skyblue1962mailcom yanovkamailmd chriskeatesmailnasuwtorguk jennifermosesmailnasuwtorguk jerrybartlettmailnasuwtorguk stephensmithmailnasuwtorguk tracycolemailnasuwtorguk nasuwtmailnasuwtorguki banglavisionmaktoobcom hilary2mancorg sfranklinmdxacuk cquinnmerseymailcom deirdrecostiganmertongovuk pauledwards2metpoliceuk infometbpacom cbarkermmuacuk mtyldesleymmuacuk infomoraymporg davidmorecambe57newlabourorguk hbrookmorleycambsschuk gpmumsideclnwfsnetcouk chweeklymsncom comrade_snowballmsncom corkkdomsncom michelebruce26msncom monkey_enterprisemsncom nmunzirmsncom stevenhamillmsncom suezeeismsncom tankgirl453msncom ninahammillmypostofficecouk denisnaarorguk louisenaarorguk milenanaarorguk jmcknightnapoorguk davewilkinsonnasuwt davewilkinsonnasuwtnet davidmotleynasuwtnet petergacsallnasuwtnet drentonnatfheorguk jkhalfannatfheorguk pmackneynatfheorguk presidentnatfheorguk rwrightnatfheorguk stevekempnationalunionofmineworkerscom nigelnbehanwanadoocouk arunionnclacuk mdolivernclacuk mrkegsgrashamnetscapenet rob_chapmannewlabourorguk yvonnemalannewoxacuk rwallnewarkacuk rizwansheikhnewcastlegovuk unisonnewcastlenewcastlegovuk douglasnewcastlenorthclpnewlabourorguk kathrneweraburnleycouk donfordvardonnewhamgovuk oreleoducrannewhamgovuk winstonvaughannewhamgovuk dadamsonnewlandhullschuk robngsuorguk timngsuorguk nicolanhockleywanadoocouk kevinkennedynhsnet johnhayes1nhworldcom paulmackneyniaceorguk epricenmmacuk alisonferriesnnuhnhsuk helenhallsocsnorfolkgovuk margaretmossptnorfolkgovuk simondacknorfolkgovuk pedwardsnorthamptonshiregovuk aroynorthamptonshirerecorguk craigstudleynorthernrockcom geoffnorthullkaroocouk secretarynorwichtucorguk secretarynottingshirenutorg sarahpigottntlcouk samkirk709ntlworldcom curleyberryntlwordcom philiphowientlworld janerolfentlworldcom kerriganrudonntlworldcom saturngnentlworldcom amandajory1ntlworldcom aresapollontlworldcom beccypalmerntlworldcom brianpearce1ntlworldcom csmith68ntlworldcom colineynonntlworldcom danhandsntlworldcom darrellherd2ntlworldcom davewaldramntlworldcom dinalordntlworldcom dolanafcntlworldcom drcce2001ntlworldcom emmaallertonntlworldcom fairymillntlworldcom gtranquadantlworldcom gavinradfordntlworldcom gregcullenntlworldcom hannahbannerntlworldcom helen_christientlworldcom herpreetntlworldcom howardsmeetonntlworldcom huwpudnerntlworldcom jtaylor253ntlworldcom jeanuzomantlworldcom juliechase1ntlworldcom kevinashbrookntlworldcom lengehamntlworldcom lorraineharding2ntlworldcom louismacdonaldntlworldcom m_azamntlworldcom mariluntlworldcom markdeentlworldcom markkrantzntlworldcom markcnewtonntlworldcom markjwodrowntlworldcom mchapmanntlworldcom moodychopsntlworldcom nickposfordntlworldcom oldhamtucntlworldcom omarismailntlworldcom petebenjaminntlworldcom princess2bntlworldcom richardmorgan23ntlworldcom ruthleboffntlworldcom sseymour83ntlworldcom sallykincaidntlworldcom samkirk709ntlworldcom samirchatterjeentlworldcom samkirk709ntlworldcom sarahsturgentlworldcom sarahjoycentlworldcom simondevillentlworldcom solrahmanntlworldcom sophiecussenntlworldcom teresamackayntlworldcom timevans77ntlworldcom timkeaglentlworldcom tubbyntlworldcom uaf_swanseantlworldcom willlorntlworldcom woodtomntlworldcom jeremydnujorguk chriskitchennumorguk ruqayyahcollectornusorguk pavnusorguk robowennusorguk suziewylienusorguk tomwhittakernusorguk wesstreetingnusorguk cblowernutorguk istevensonnutorguk nmcginnnutorguk georgeduttonuko2couk ashokobvorguk simonobvorguk racheledwardsodpmgsigovuk jeremyhughesodpmgsigovuk victoriasteeplesoftgsigovuk secretaryoldhamnutorguk clerksoldsquarechamberscouk gargionetelnetuk maggiesimpsononetelnetuk helencamponsgovuk johnmaceyonsgsigovuk davidglloydopenreachcouk tkindorangenet tgwuorguk cwuorkneynewlabourorguk secretaryourunionorguk unisonoxfordgovuk grantandlaurenparadisenetnzenter your email abbottdparliamentuk aityouneslparliamentuk bottomleyvparliamentuk butlerdparliamentuk chalkinsgparliamentuk clwydaparliamentuk cohenhparliamentuk connartymparliamentuk dofraserhparliamentuk drewdparliamentuk ellmanlparliamentuk flackkparliamentuk gerrardnparliamentuk glencparliamentuk groganjparliamentuk hancockmparliamentuk harrybarnesmpparliamentuk hopkinskparliamentuk houghtonjparliamentuk iddonbparliamentuk illsleyeparliamentuk kenpurchasempparliamentuk lazarowiczmparliamentuk millsvparliamentuk moffattlparliamentuk morganjparliamentuk organdparliamentuk philsawfordmpparliamentuk priceaparliamentuk rapsonsparliamentuk rosseparliamentuk thomassiparliamentuk tylerpparliamentuk vazkparliamentuk visrparliamentuk williamscparliamentuk worthingtontparliamentuk wrightdaparliamentuk paupaulodonovanwanadoocouk hannahpcsorguk nickcpcsorguk suebondpcsorguk andrewrpcsorguk hughlanningpcsorguk jessicapcsorguk kevinkellypcsorguk lornapcsorguk markserwotkapcsorguk sarahkavanaghpcsorguk spampetebaileycouk studentunionpeterboroughacuk midgephonecoopcoop vamosphonecoopcoop mfoxphysicsorg jaynethomaspickeringscouk enquiriesplymouthrecorg generalpoaukorguk davidhowepowergencouk bobprivacynet sarahmaskellprodentalcouk enquiriesprospectorguk julietwellerprospectorguk paulnoonprospectorguk sandymaileprospectorguk rhallprospectswetenhamscom puafpuafwanadoocouk kboomlaqmulacuk khardyqmulacuk kstinson02qubacuk oscaevannooijenqueensoxacuk denisequeens97freeservecouk colinsylvesterradiographermeuk sarahrandscoxfreeservecouk simonrayaorguk cllralapinirbkcgovuk jkellyreadingacuk glenredswfsnetcouk raseyrepaetfanzinecouk roseyrepeatfanzinecouk uniterepeatfanzinecouk richard_roserepeatfanzinefreeservecouk officeresistorguk bwtucrespectatworkorguk hshaletriscalicouk pjbartonrmplccouk bobcrowrmtorguk bristolrailrmtorguk glasgowshippingrmtorguk informtorguk jcroyrmtorguk nwestnwalesrcrmtorguk dovershiprmtunionfsworldcouk leandroroberts173fsnetcouk jeanhornbyrochdalegovuk njohnsonrowleyashworthcouk kevintaggroyalmailcom stephenjratclifferoyalmailcom morrisoncrpsgroupcom pausabadellvilawebcom sarwarsarwarorguk ireneebsaundersifsnetcouk sheilascorpion1screamingnet christopheraldersearcherscom editorsearchlightmagazinecom unisonsedgefield unisonsedgefieldgovuk cwusewalesamalfreesservecouk sylviaanginottisheffcolacuk harshsrivastarsheffieldacuk poa05rrsheffieldacuk saarsheffieldacuk garethjohnnicholashotmailcom niamhshelterorguk uuseducationshuacuk gmsidfrisbycom lgbtofficersiheacuk talk2ussikhorguk gtulleyskycom gerard40skycom kevinmarshsloughgovuk 165786soasacuk rc40soasacuk bcrsotonacuk sukhpalbanwaitsouthendgovuk younglloydsouthwarkgovuk stevesquibbsyfreeservecouk efitzgeraldstadiumhaorguk jkastcharlesacuk soerensteppenlandde johncampbellsthnhsuk secretarysthelensnutorguk sueboydsthelensorguk tamsinscottstocktonacuk stephaniepeceystokegovuk richardstoneashdownorg peterknightstonewallorguk alanwardlestonewallorguk officestopwarorguk ginastreetvibesyouthcouk timeavargastudentmanchesteracuk sophiekingstudentsplymouthacuk laurasugarmediacouk nortonbrennansupanet duncanimsupanetcom colintullsupanetcom davidsawersupanetcom helkevsupanetcom janegreshamsupanetcom martinslightssupanetcom matthewmcgeesupanetcom muskoxenkensupanetcom pollygsupanetcom rebeccashtaselsupanetcom tomarisupanetcom sugenoffswanacuk philipbrandswlsgnhscouk donalswpie designswporguk enquiriesswporguk judycswporguk mattcswporguk mattgswporguk carriesyopenforumorguk colintullsypanetcom davejtalk21com jonathansilvertalk21com jwr_robertstalk21com loudrurytalk21com lucygrimstertalk21com martingooldtalk21com mturustalk21com rachel73talk21com sjshawtalk21com williamsjanetalk21com dstokes123talktalknet joe125talktalknet sjiwtalktalknet stumasterstalktalknet mikecustancetamesidegovuk tamsintamsinpiperdemoncouk d_maguiretascacuk tonytbennfsnetcouk ncopseyteesacuk kbanniganteesacuk 046141189teliacom joebogantesconet ismailtesconet studbentesconet peterhalpintetleycouk abradytgwuorguk admurraytgwuorguk aweirtgwuorguk ccorkhursttgwuorguk cmalleytgwuorguk fmajortgwuorguk ghopkinstgwuorguk mwhittertgwuorguk sharttgwuorguk twoodleytgwuorguk jimthahoondinfsnetcouk ianthamesweybranch1fsnetcouk infothelittlevillacompanycom bbarnesthepfacouk gtaylorthepfacouk spoundthepfacouk gtaylorthepfaorguk gedtheredcardorg infotheredcardscotlandorg uafthesavagenet infothinkersforumorg unisonthurrockgovuk vinceothurrockcaborguk noamfriedlandertimeoutcom pmeetinyworld davidblocktiscalicouk am2nltiscalicouk blackcountryuaftiscalicouk darkearth1tiscalicouk eastlancsamaltiscalicouk gerardbannigantiscalicouk goodgoattiscalicouk hazwebtiscalicouk jennyweinsteintiscalicouk judithbaratiscalicouk juniperxtiscalicouk martinlynch05tiscalicouk mcrosstiscalicouk paulachampiontiscalicouk pauljenkinsuatiscalicouk powerstationtiscalicouk robwarr31tiscalicouk sallycausertiscalicouk swpmretiscalicouk waterwheeltiscalicouk welshwitch34tiscalicouk xamistiscalicouk lunarosetiscalifr darkearth1tiscallicouk fifiqvtiscallicouk nickcourtnadgetnsglobalcom uaftonywalterscouk cwuwrtotalisecouk normanwrighttotalisecouk sveltenesstotalisecouk elisacuthberttramwaycouk sgilberttreehouseorguk paulbirketttrwcom enquiriestssaorguk polertssaorguk unjummirzatubetflgovuk jadamstucorguk bfarhattucorguk lheseldentucorguk mdobneytucorguk wsullivantucorguk marktwafaorguk twafatwafaorguk mhuscrofttyneandwearcwufsnetcouk again5372uaforguk man5639uaforguk prevints6365uaforguk tis3210uaforguk ehooduclacuk jamieobrienuclacuk lamarteyuclacuk jihngoldenuclhorg aheffernanucuacuk cnicholasucuorguk mpurcellucuorguk nshahucuorguk planningucuorguk rklineucuorguk shuntucuorguk egmontucuorguk rachelcurleyucuorguk uniteucuorguk jimwolfreysuelacuk mhoylesuelacuk swallisuelacuk suehigginsuhbnhsuk faerielanduiconlinecouk dannyujsorguk ujsujsorguk fredukmailingcom greenpiecesukonlinecouk jjmitchellukonlinecouk vincemapleukpagsigovuk vpwelfareululonacuk richard_lynchunifiorguk coventrytucunionorgza ajjacksonunisoncouk cbarterunisoncouk ddasilvaunisoncouk jjohnsonunisoncouk jweissunisoncouk ksonnetunisoncouk lperksunisoncouk lwassunisoncouk pakhtarunisoncouk rrobertsonunisoncouk twilliamsunisoncouk ulnorfolkcntyunisonorguk doncasterunisonwanadoocouk knowsleyunisonunisonfreenet kobrienunisonfreenet cbedaleunisonfreenet dghunisonunisonfreenet franceskellyunisonfreenet ianm2unisonfreenet jgeldartunisonfreenet johnpageunisonfreenet johnpageunisonfreenet juliesimmons2unisonfreenet knowsleyunisonunisonfreenet mikechiversunisonfreenet philjonesunisonfreenet roberth3unisonfreenet sotondb1unisonfreenet towerhamletsunisonfreenet wolvestucunisonfreenet davidunisonwffsnetcouk enquiryunitedwestandorguk adrianweirunitetheunioncom lindamccullochunitetheunioncom richardobrienunitetheunioncom siobhanendeanunitetheunioncom stevehartunitetheunioncom dae128unlacuk keithileyunnacuk homeurslafsnetcouk ruthcrossusdaworguk rcoxuxbridgecollegeacuk steph991verizonnet omjverlegvonnotabiliacouk cwuswno1virginnet frandalbrookvirginnet ibroxcottagevirginnet ketanutvirginnet marilynvallancevirginnet momn16virginnet psedlervirginnet simonboultonvirginnet stephenfergusonvirginnet rnkhariukvodafonenet gtchurchwaitrosecom hazelbarkhamwaitrosecom sayanimwallacom lisawallsergopluscom audenpowellwalthamforestgovuk garywalthamstowcaborguk johnmullenwanadoofr johnmullerwannadoofr jocirianiwarwickacuk phrxahwarwickacuk wblcullifordwarwickacuk enquirieswealdenuaforguk secretarywealdenuaforguk jessihoeferwebde stephenwest9wanadoocouk secretarywestlancashirenutorguk gkirkwood01westminsteracuk unisonwestminstergovuk secretarywftcfsnetcouk paulinewheatbowenfsnetcouk katiebracherwhippsxnhsuk georgewhooshcouk informationwiesenthalnet awitherickorguk jtheobaldwkacacuk gregdoylewmcacuk w0208862wminacuk sandrawomensteccom tonywood2502wanadoocouk sadateworkersbeercouk variatiadelectawppl felicityparisyahoocouk ashraf36byahoocuk semutgajah_17yahoocoid claireff2000yahoocouk coventryuniteyahoocouk noodlesrazzyahoocouk wordpurpleyahoocouk adrianmarlingyahoocouk aliceeboothyahoocouk aliherodyahoocouk assumpciooyonateyahoocouk bcook11ukyahoocouk beautifulsummerskiesyahoocouk blackmamba125yahoocouk boxinghefneryahoocouk bristoluafyahoocouk calderdaleunityyahoocouk carlstpaulyahoocouk charlie_odonnell2005yahoocouk charlieb_jbyahoocouk charlotte_wittsyahoocouk chrisrice1980yahoocouk christyvegas2007yahoocouk clive_ramsdenyahoocouk contactksdyahoocouk daedpoetheadsyahoocouk darne_pyahoocouk dashielsyahoocouk davidlowry88yahoocouk denislanihanyahoocouk dj_sketcheyyahoocouk djculture05yahoocouk djwheeler2004yahoocouk dkcov2003yahoocouk farahadenyahoocouk fsageneralcouncilyahoocouk garry_baaaayahoocouk gastondieselyahoocouk gbo2506yahoocouk geraldinejaneyahoocouk gonzoforesteryahoocouk graemecookeyahoocouk grapplingpunkyahoocouk hannah_hindayahoocouk harrysinghryahoocouk hilarybleeyahoocouk hussain_waqassyahoocouk ianecarryahoocouk ibblybibbly72yahoocouk ilaminateyahoocouk innana_33yahoocouk intissarkhreejiyahoocouk jennie_adamsonyahoocouk jessgray83yahoocouk jjuggleyahoocouk jkertlandyahoocouk joandy65yahoocouk joceejo2003yahoocouk johnmcgregorgreenyahoocouk jonathan_k_harveyyahoocouk jontenukyahoocouk joymason2000yahoocouk jpolenceusgbyahoocouk judehillmbyahoocouk julem_dunnettyahoocouk karen_braddersyahoocouk katy_joy_walkeryahoocouk keithfender2000yahoocouk kevinoz31yahoocouk kj10680yahoocouk ksrodgers77yahoocouk lanihelgayahoocouk laraginfoyahoocouk lau_gainpaulsinghyahoocouk leegaterellyahoocouk leelondon22yahoocouk lisajqureshiyahoocouk liu_waichingyahoocouk lorrainetlewisulcyahoocouk loujamminyahoocouk loveandkateyahoocouk luciferleeeeyahoocouk maccapafcyahoocouk mandspiceyahoocouk markdawes_ukyahoocouk markduhaneyyahoocouk marn300yahoocouk mcx_77yahoocouk michan12464yahoocouk micknamhoiyahoocouk micklynesyahoocouk mightymongoose41yahoocouk mike_healy55yahoocouk mikekellyyahoocouk mikesmith830yahoocouk moraesabyahoocouk morningstarlucienyahoocouk nabeelredayahoocouk nails2002003yahoocouk naima_kislamyahoocouk nasrinceprilyahoocouk nestudentrespectyahoocouk nettylynchyahoocouk nlcafferkyyahoocouk nobu3ukyahoocouk nomadneskayahoocouk norfolkuniteyahoocouk nsaqui618yahoocouk openocean4wavesyahoocouk p_l_boltonyahoocouk pauldillonrocksyahoocouk paulineb_2yahoocouk peterainsley2003yahoocouk peter_ainsley2003yahoocouk plymouthuniteyahoocouk priory88yahoocouk rachelpepayahoocouk rionwithanioyahoocouk robbosnapzyahoocouk robhovemanyahoocouk rwilliams_technologistyahoocouk sabby1990yahoocouk salehmamonyahoocouk sam_billett1yahoocouk sammeaditunesyahoocouk samuellangstonyahoocouk sarcast87yahoocouk scarboroughagainstnazisyahoocouk scarletheights2003yahoocouk simonletmanyahoocouk southend704336yahoocouk sozz7yahoocouk stephen_gribbenyahoocouk stuart_the_good_manyahoocouk suzie_wylieyahoocouk terrystewart1ukyahoocouk thehairyvinceyahoocouk thevickyprocteryahoocouk tomeastwoodyahoocouk traindespatcheryahoocouk tuttydefcyahoocouk unionfiendyahoocouk usufyanyahoocouk valkerry24yahoocouk vancoulteryahoocouk veggregyahoocouk walshhannahyahoocouk wendydale606yahoocouk y9820558yahoocouk katherine_l_grantyahoocouk johill67yahoocom aamersalyahoocom afrospark2005yahoocom alexsualtsyahoocom amerakbaryahoocom asabkiyahoocom augustine_nyemahyahoocom ayubhossyahoocom bellabundayahoocom bennisthemenace_at_deadbeatyahoocom booklyn1yahoocom cheeky82yahoocom chubbycatslovethe70syahoocom cwucne1649yahoocom demonic_angel_hackeryahoocom denisbaggettyahoocom fadwapeot03yahoocom fancher_joshyahoocom fazilukyahoocom foolonthehill12003yahoocom grotambiyahoocom hamosaladinyahoocom hopelives5yahoocom hutchinslouiseyahoocom ia2002yahoocom inferior_wineyahoocom jamiesiamyahoocom jangoonthe netyahoocom jennyporteousyahoocom johnraclarkyahoocom khahif7yahoocom kleonikideopsyahoocom ladyof_shalottyahoocom lastbinnsyahoocom lemondog94yahoocom little_miss_temnayahoocom madlarkin8yahoocom matthampyahoocom melmurphy_99yahoocom merlinreaderyahoocom mstdniryahoocom nguzima06yahoocom nicky3timesyahoocom nuttybird88yahoocom papipistaryahoocom paulineroweyahoocom qariismailyahoocom redmondoneill2000yahoocom resrightsyahoocom revoltingwildcatyahoocom rgarnhamyahoocom s_g123yahoocom scollins101yahoocom sfoxcroftyahoocom susanl_foxyahoocom swallingeryahoocom unholysmokeyahoocom venus_heartacheyahoocom wellingtonsnoseyahoocom zanna_clarkeyahoocom zinzi1990yahoocom no_staindyahoocombr uaf_barnsleyyahoocomuk karaouiyoussefyahoofr roisin_conwayyahoofr ii54250yahoogr breegeburke61yahooie jobrien31yahooie qpr_cliveyahooie fisthead2000yahoocom infoyhuafcouk jm509yorkacuk socs398yorkacuk bendrakeyorkgovuk cllrdsmallwoodyorkgovuk ypnewsdeskypncouk timzangwillfsnetcouk lancasteruafzencouk rwithercombezencouk gmonbiotzetnetcouk mgillettzoomcouk fax 01772256600